Game,Keypoints
game_1,"[[1580.87548828125, 382.8033142089844], [1566.5025634765625, 372.7247314453125], [1575.1263427734375, 371.2849426269531], [1493.2003173828125, 362.6461486816406], [1566.5025634765625, 371.2849426269531], [1437.1455078125, 423.11761474609375], [1588.06201171875, 421.67779541015625], [1310.6630859375, 436.0757751464844], [1701.6087646484375, 477.82989501953125], [1281.9171142578125, 391.4421081542969], [1749.0396728515625, 454.7931213378906], [1438.5828857421875, 656.3646850585938], [1524.8209228515625, 680.8411865234375], [1421.335205078125, 784.5064697265625], [1504.69873046875, 840.6585693359375], [1382.5281982421875, 925.6066284179688], [1438.5828857421875, 990.3973999023438]]"
game_1,"[[425.6172180175781, 363.1305847167969], [429.9176025390625, 353.05450439453125], [415.5830993652344, 351.61505126953125], [431.35101318359375, 355.9333801269531], [381.1803894042969, 351.61505126953125], [415.5830993652344, 406.31390380859375], [331.0097351074219, 400.55609130859375], [412.7162170410156, 486.9226989746094], [306.6411437988281, 482.6043701171875], [432.7844543457031, 459.5732421875], [372.5796813964844, 463.8915710449219], [378.3134765625, 534.4242553710938], [313.8083801269531, 532.98486328125], [444.25201416015625, 625.1091918945312], [313.8083801269531, 632.3063354492188], [444.25201416015625, 748.9013061523438], [263.6377258300781, 757.5379638671875]]"
